[ec2-user@ip-10-2-10-59 ~]$ mysql -h udacity-exercise-1-readreplica.co2d14a0hmcu.us-east-2.rds.amazonaws.com -u admin -p
Enter password:
Welcome to the MariaDB monitor.  Commands end with ; or \g.
Your MySQL connection id is 6
Server version: 5.7.22-log Source distribution

Copyright (c) 2000, 2018, Oracle, MariaDB Corporation Ab and others.

Type 'help;' or '\h' for help. Type '\c' to clear the current input statement.

MySQL [(none)]> use udacity;
Reading table information for completion of table and column names
You can turn off this feature to get a quicker startup with -A

Database changed
MySQL [udacity]> select * from products;
+----+-----------------------+-------------+
| id | name                  | create_date |
+----+-----------------------+-------------+
|  1 | Incredible headphones | 2020-06-15  |
+----+-----------------------+-------------+
1 row in set (0.00 sec)

MySQL [udacity]> INSERT INTO products (name, create_date) VALUES ("Incredible headphones", NOW());
Query OK, 1 row affected, 1 warning (0.01 sec)

MySQL [udacity]> select * from products;
+----+-----------------------+-------------+
| id | name                  | create_date |
+----+-----------------------+-------------+
|  1 | Incredible headphones | 2020-06-15  |
|  2 | Incredible headphones | 2020-06-15  |
+----+-----------------------+-------------+
2 rows in set (0.00 sec)